Question,Answer ,Rubric
What are the pros and cons of online education?,Convenience and flexibility,Clear and concise
What are the pros and cons of online education?,Interaction challenges,Clear and concise
What are the pros and cons of online education?,Access to resources,Clear and concise
What are the pros and cons of online education?,Time management,Clear and concise
What are the pros and cons of online education?,Quality of discussion,Clear and concise
What are the pros and cons of online education?,Convenience and flexibility,Relevance to the question
What are the pros and cons of online education?,Interaction challenges,Relevance to the question
What are the pros and cons of online education?,Access to resources,Relevance to the question
What are the pros and cons of online education?,Time management,Relevance to the question
What are the pros and cons of online education?,Quality of discussion,Relevance to the question
What are the pros and cons of online education?,Convenience and flexibility,Depth of analysis
What are the pros and cons of online education?,Interaction challenges,Depth of analysis
What are the pros and cons of online education?,Access to resources,Depth of analysis
What are the pros and cons of online education?,Time management,Depth of analysis
What are the pros and cons of online education?,Quality of discussion,Depth of analysis
What are the pros and cons of online education?,Convenience and flexibility,Use of examples
What are the pros and cons of online education?,Interaction challenges,Use of examples
What are the pros and cons of online education?,Access to resources,Use of examples
What are the pros and cons of online education?,Time management,Use of examples
What are the pros and cons of online education?,Quality of discussion,Use of examples
Discuss the impact of social media on society.,Increased connectivity,Logical structure
Discuss the impact of social media on society.,Privacy concerns,Logical structure
Discuss the impact of social media on society.,Spread of information,Logical structure
Discuss the impact of social media on society.,Formation of echo chambers,Logical structure
Discuss the impact of social media on society.,Mental health effects,Logical structure
Discuss the impact of social media on society.,Increased connectivity,Relevance to the topic
Discuss the impact of social media on society.,Privacy concerns,Relevance to the topic
Discuss the impact of social media on society.,Spread of information,Relevance to the topic
Discuss the impact of social media on society.,Formation of echo chambers,Relevance to the topic
Discuss the impact of social media on society.,Mental health effects,Relevance to the topic
Discuss the impact of social media on society.,Increased connectivity,Depth of analysis
Discuss the impact of social media on society.,Privacy concerns,Depth of analysis
Discuss the impact of social media on society.,Spread of information,Depth of analysis
Discuss the impact of social media on society.,Formation of echo chambers,Depth of analysis
Discuss the impact of social media on society.,Mental health effects,Depth of analysis
Discuss the impact of social media on society.,Increased connectivity,Clarity of expression
Discuss the impact of social media on society.,Privacy concerns,Clarity of expression
Discuss the impact of social media on society.,Spread of information,Clarity of expression
Discuss the impact of social media on society.,Formation of echo chambers,Clarity of expression
Discuss the impact of social media on society.,Mental health effects,Clarity of expression
Should standardized testing be eliminated in education?,Fair assessment,Use of evidence
Should standardized testing be eliminated in education?,Inequality in preparation,Use of evidence
Should standardized testing be eliminated in education?,Measuring diverse skills,Use of evidence
Should standardized testing be eliminated in education?,Stress on students,Use of evidence
Should standardized testing be eliminated in education?,Impact on teaching,Use of evidence
Should standardized testing be eliminated in education?,Fair assessment,Logical structure
Should standardized testing be eliminated in education?,Inequality in preparation,Logical structure
Should standardized testing be eliminated in education?,Measuring diverse skills,Logical structure
Should standardized testing be eliminated in education?,Stress on students,Logical structure
Should standardized testing be eliminated in education?,Impact on teaching,Logical structure
Should standardized testing be eliminated in education?,Fair assessment,Relevance to the question
Should standardized testing be eliminated in education?,Inequality in preparation,Relevance to the question
Should standardized testing be eliminated in education?,Measuring diverse skills,Relevance to the question
Should standardized testing be eliminated in education?,Stress on students,Relevance to the question
Should standardized testing be eliminated in education?,Impact on teaching,Relevance to the question
Should standardized testing be eliminated in education?,Fair assessment,Conciseness
Should standardized testing be eliminated in education?,Inequality in preparation,Conciseness
Should standardized testing be eliminated in education?,Measuring diverse skills,Conciseness
Should standardized testing be eliminated in education?,Stress on students,Conciseness
Should standardized testing be eliminated in education?,Impact on teaching,Conciseness
Explore the ethical implications of artificial intelligence.,Automation benefits,Logical structure
Explore the ethical implications of artificial intelligence.,Job displacement,Logical structure
Explore the ethical implications of artificial intelligence.,Privacy concerns,Logical structure
Explore the ethical implications of artificial intelligence.,Algorithmic bias,Logical structure
Explore the ethical implications of artificial intelligence.,Accountability issues,Logical structure
Explore the ethical implications of artificial intelligence.,Automation benefits,Depth of analysis
Explore the ethical implications of artificial intelligence.,Job displacement,Depth of analysis
Explore the ethical implications of artificial intelligence.,Privacy concerns,Depth of analysis
Explore the ethical implications of artificial intelligence.,Algorithmic bias,Depth of analysis
Explore the ethical implications of artificial intelligence.,Accountability issues,Depth of analysis
Explore the ethical implications of artificial intelligence.,Automation benefits,Relevance to the topic
Explore the ethical implications of artificial intelligence.,Job displacement,Relevance to the topic
Explore the ethical implications of artificial intelligence.,Privacy concerns,Relevance to the topic
Explore the ethical implications of artificial intelligence.,Algorithmic bias,Relevance to the topic
Explore the ethical implications of artificial intelligence.,Accountability issues,Relevance to the topic
Explore the ethical implications of artificial intelligence.,Automation benefits,Use of examples
Explore the ethical implications of artificial intelligence.,Job displacement,Use of examples
Explore the ethical implications of artificial intelligence.,Privacy concerns,Use of examples
Explore the ethical implications of artificial intelligence.,Algorithmic bias,Use of examples
Explore the ethical implications of artificial intelligence.,Accountability issues,Use of examples
Is climate change a global emergency?,Scientific consensus,Relevance to the question
Is climate change a global emergency?,Impact on ecosystems,Relevance to the question
Is climate change a global emergency?,Human contributions,Relevance to the question
Is climate change a global emergency?,Policy implications,Relevance to the question
Is climate change a global emergency?,Climate change denial,Relevance to the question
Is climate change a global emergency?,Scientific consensus,Depth of analysis
Is climate change a global emergency?,Impact on ecosystems,Depth of analysis
Is climate change a global emergency?,Human contributions,Depth of analysis
Is climate change a global emergency?,Policy implications,Depth of analysis
Is climate change a global emergency?,Climate change denial,Depth of analysis
Is climate change a global emergency?,Scientific consensus,Use of evidence
Is climate change a global emergency?,Impact on ecosystems,Use of evidence
Is climate change a global emergency?,Human contributions,Use of evidence
Is climate change a global emergency?,Policy implications,Use of evidence
Is climate change a global emergency?,Climate change denial,Use of evidence
Is climate change a global emergency?,Scientific consensus,Logical structure
Is climate change a global emergency?,Impact on ecosystems,Logical structure
Is climate change a global emergency?,Human contributions,Logical structure
Is climate change a global emergency?,Policy implications,Logical structure
Is climate change a global emergency?,Climate change denial,Logical structure
Examine the role of government in addressing income inequality.,Social welfare programs,Logical structure
Examine the role of government in addressing income inequality.,Tax policies,Logical structure
Examine the role of government in addressing income inequality.,Education opportunities,Logical structure
Examine the role of government in addressing income inequality.,Minimum wage laws,Logical structure
Examine the role of government in addressing income inequality.,Corporate regulations,Logical structure
Examine the role of government in addressing income inequality.,Social welfare programs,Relevance to the topic
Examine the role of government in addressing income inequality.,Tax policies,Relevance to the topic
Examine the role of government in addressing income inequality.,Education opportunities,Relevance to the topic
Examine the role of government in addressing income inequality.,Minimum wage laws,Relevance to the topic
Examine the role of government in addressing income inequality.,Corporate regulations,Relevance to the topic
Examine the role of government in addressing income inequality.,Social welfare programs,Depth of analysis
Examine the role of government in addressing income inequality.,Tax policies,Depth of analysis
Examine the role of government in addressing income inequality.,Education opportunities,Depth of analysis
Examine the role of government in addressing income inequality.,Minimum wage laws,Depth of analysis
Examine the role of government in addressing income inequality.,Corporate regulations,Depth of analysis
Examine the role of government in addressing income inequality.,Social welfare programs,Use of examples
Examine the role of government in addressing income inequality.,Tax policies,Use of examples
Examine the role of government in addressing income inequality.,Education opportunities,Use of examples
Examine the role of government in addressing income inequality.,Minimum wage laws,Use of examples
Examine the role of government in addressing income inequality.,Corporate regulations,Use of examples
Should genetically modified organisms (GMOs) be used in agriculture?,Increased crop yield,Relevance to the question
Should genetically modified organisms (GMOs) be used in agriculture?,Environmental impact,Relevance to the question
Should genetically modified organisms (GMOs) be used in agriculture?,Food safety concerns,Relevance to the question
Should genetically modified organisms (GMOs) be used in agriculture?,Long-term health effects,Relevance to the question
Should genetically modified organisms (GMOs) be used in agriculture?,Consumer choice,Relevance to the question
Should genetically modified organisms (GMOs) be used in agriculture?,Increased crop yield,Depth of analysis
Should genetically modified organisms (GMOs) be used in agriculture?,Environmental impact,Depth of analysis
Should genetically modified organisms (GMOs) be used in agriculture?,Food safety concerns,Depth of analysis
Should genetically modified organisms (GMOs) be used in agriculture?,Long-term health effects,Depth of analysis
Should genetically modified organisms (GMOs) be used in agriculture?,Consumer choice,Depth of analysis
Should genetically modified organisms (GMOs) be used in agriculture?,Increased crop yield,Use of evidence
Should genetically modified organisms (GMOs) be used in agriculture?,Environmental impact,Use of evidence
Should genetically modified organisms (GMOs) be used in agriculture?,Food safety concerns,Use of evidence
Should genetically modified organisms (GMOs) be used in agriculture?,Long-term health effects,Use of evidence
Should genetically modified organisms (GMOs) be used in agriculture?,Consumer choice,Use of evidence
Should genetically modified organisms (GMOs) be used in agriculture?,Increased crop yield,Logical structure
Should genetically modified organisms (GMOs) be used in agriculture?,Environmental impact,Logical structure
Should genetically modified organisms (GMOs) be used in agriculture?,Food safety concerns,Logical structure
Should genetically modified organisms (GMOs) be used in agriculture?,Long-term health effects,Logical structure
Should genetically modified organisms (GMOs) be used in agriculture?,Consumer choice,Logical structure
Discuss the role of art and culture in fostering social change.,Expression of diverse perspectives,Depth of analysis
Discuss the role of art and culture in fostering social change.,Challenge to societal norms,Depth of analysis
Discuss the role of art and culture in fostering social change.,Cultural appropriation,Depth of analysis
Discuss the role of art and culture in fostering social change.,Impact on public opinion,Depth of analysis
Discuss the role of art and culture in fostering social change.,Media influence,Depth of analysis
Discuss the role of art and culture in fostering social change.,Expression of diverse perspectives,Relevance to the topic
Discuss the role of art and culture in fostering social change.,Challenge to societal norms,Relevance to the topic
Discuss the role of art and culture in fostering social change.,Cultural appropriation,Relevance to the topic
Discuss the role of art and culture in fostering social change.,Impact on public opinion,Relevance to the topic
Discuss the role of art and culture in fostering social change.,Media influence,Relevance to the topic
Discuss the role of art and culture in fostering social change.,Expression of diverse perspectives,Use of examples
Discuss the role of art and culture in fostering social change.,Challenge to societal norms,Use of examples
Discuss the role of art and culture in fostering social change.,Cultural appropriation,Use of examples
Discuss the role of art and culture in fostering social change.,Impact on public opinion,Use of examples
Discuss the role of art and culture in fostering social change.,Media influence,Use of examples
Discuss the role of art and culture in fostering social change.,Expression of diverse perspectives,Clarity of expression
Discuss the role of art and culture in fostering social change.,Challenge to societal norms,Clarity of expression
Discuss the role of art and culture in fostering social change.,Cultural appropriation,Clarity of expression
Discuss the role of art and culture in fostering social change.,Impact on public opinion,Clarity of expression
Discuss the role of art and culture in fostering social change.,Media influence,Clarity of expression
What are the economic implications of renewable energy adoption?,Job creation,Relevance to the question
What are the economic implications of renewable energy adoption?,Reduction in greenhouse gas emissions,Relevance to the question
What are the economic implications of renewable energy adoption?,Investment opportunities,Relevance to the question
What are the economic implications of renewable energy adoption?,Transition costs,Relevance to the question
What are the economic implications of renewable energy adoption?,Energy independence,Relevance to the question
What are the economic implications of renewable energy adoption?,Job creation,Depth of analysis
What are the economic implications of renewable energy adoption?,Reduction in greenhouse gas emissions,Depth of analysis
What are the economic implications of renewable energy adoption?,Investment opportunities,Depth of analysis
What are the economic implications of renewable energy adoption?,Transition costs,Depth of analysis
What are the economic implications of renewable energy adoption?,Energy independence,Depth of analysis
What are the economic implications of renewable energy adoption?,Job creation,Use of evidence
What are the economic implications of renewable energy adoption?,Reduction in greenhouse gas emissions,Use of evidence
What are the economic implications of renewable energy adoption?,Investment opportunities,Use of evidence
What are the economic implications of renewable energy adoption?,Transition costs,Use of evidence
What are the economic implications of renewable energy adoption?,Energy independence,Use of evidence
What are the economic implications of renewable energy adoption?,Job creation,Logical structure
What are the economic implications of renewable energy adoption?,Reduction in greenhouse gas emissions,Logical structure
What are the economic implications of renewable energy adoption?,Investment opportunities,Logical structure
What are the economic implications of renewable energy adoption?,Transition costs,Logical structure
What are the economic implications of renewable energy adoption?,Energy independence,Logical structure
Examine the impact of globalization on cultural diversity.,Cultural exchange,Relevance to the question
Examine the impact of globalization on cultural diversity.,Homogenization of cultures,Relevance to the question
Examine the impact of globalization on cultural diversity.,Access to global markets,Relevance to the question
Examine the impact of globalization on cultural diversity.,Preservation of traditions,Relevance to the question
Examine the impact of globalization on cultural diversity.,Language diversity,Relevance to the question
Examine the impact of globalization on cultural diversity.,Cultural exchange,Depth of analysis
Examine the impact of globalization on cultural diversity.,Homogenization of cultures,Depth of analysis
Examine the impact of globalization on cultural diversity.,Access to global markets,Depth of analysis
Examine the impact of globalization on cultural diversity.,Preservation of traditions,Depth of analysis
Examine the impact of globalization on cultural diversity.,Language diversity,Depth of analysis
Examine the impact of globalization on cultural diversity.,Cultural exchange,Clarity of expression
Examine the impact of globalization on cultural diversity.,Homogenization of cultures,Clarity of expression
Examine the impact of globalization on cultural diversity.,Access to global markets,Clarity of expression
Examine the impact of globalization on cultural diversity.,Preservation of traditions,Clarity of expression
Examine the impact of globalization on cultural diversity.,Language diversity,Clarity of expression
Examine the impact of globalization on cultural diversity.,Cultural exchange,Use of examples
Examine the impact of globalization on cultural diversity.,Homogenization of cultures,Use of examples
Examine the impact of globalization on cultural diversity.,Access to global markets,Use of examples
Examine the impact of globalization on cultural diversity.,Preservation of traditions,Use of examples
Examine the impact of globalization on cultural diversity.,Language diversity,Use of examples